Passwort;Interesse;Land;Email;TelNr;plz;Ort;Vorname;Nachname;Alter;Groesse;Geschlecht;Beruf
1234;Reisen;USA;test1@test.com;764-74-4998;8329;SayyÅn;Paul;Cook;18;160;M‰nnlich;AgraringenieurIn
1234;Zaubern;USA;test2@test.com;586-20-2891;3652;Ovsyanka;Ernest;Bowman;30;161;M‰nnlich;BerufskraftfahrerIn
1234;Cabriolets & Roadster;USA;test3@test.com;195-97-8748;3585;Aygepat;Evelyn;Reynolds;50;162;Weiblich;BetriebstechnikerIn
1234;Angeln;USA;test4@test.com;343-60-8878;1751;Fcamp;Laura;Hamilton;2;163;Weiblich;BiochemikerIn
1234;Beachbasketball;Norwegen;test5@test.com;772-57-2954;5745;Boro;Ruby;Mills;14;164;Weiblich;ManagerIn (Verkauf)
1234;Drachenfliegen;Norwegen;test6@test.com;604-80-1408;4555;Kazanskaya;Debra;Roberts;48;165;Weiblich;MaschinenschlosserIn
1234;Abenteuerreisen;Norwegen;test7@test.com;705-89-2111;8046;Copa;Larry;Meyer;65;166;M‰nnlich;HafenmeisterIn
1234;Astronomie;Norwegen;test8@test.com;380-41-2101;8158;Siso;Kimberly;Mendoza;94;167;Weiblich;HotelassistentIn
1234;Basteln;Norwegen;test9@test.com;567-36-5709;6260;Wisznice;Judith;Henderson;15;168;Weiblich;ElektroinstallateurIn
1234;Badminton;Deutschland;test10@test.com;158-92-4018;7432;Desa Gegempalan;Jesse;Lee;26;169;Weiblich;ElektromedizintechnikerIn
1234;Puzzle;Deutschland;test11@test.com;854-42-9559;6972;Yinchuan;Lillian;Jackson;34;170;Weiblich;VersicherungsmaklerIn
1234;Bauchreden;Deutschland;test12@test.com;367-04-7776;2694;Clermont-Ferrand;Joseph;Patterson;57;171;M‰nnlich;Viehh‰ndlerIn
1234;Chatten;Deutschland;test13@test.com;923-17-8947;1739;Otukpa;Ryan;Fields;65;172;M‰nnlich;÷kologieberaterIn
1234;Golf;Oesterreich;test14@test.com;999-37-8868;8784;Bensonville;Ruby;Nguyen;54;173;Weiblich;Orthop‰dietechnik (Lehrberuf)
1234;Radsport;Oesterreich;test15@test.com;805-88-9488;7332;La Victoria;Gregory;Myers;15;174;M‰nnlich;HandelswissenschafterIn
1234;Kochen;Oesterreich;test16@test.com;650-34-1618;4023;Stockholm;Dorothy;Medina;21;175;Weiblich;LagerarbeiterIn
1234;Darts;Oesterreich;test17@test.com;768-76-2785;3349;Shuimen;Irene;Turner;85;176;Weiblich;LandwirtIn
1234;Billiard;Italien;test18@test.com;492-63-8411;7048;Dasht;Sandra;Walker;47;177;Weiblich;SachwalterIn
1234;Aquarellmalerei;Italien;test19@test.com;999-19-9560;9199;Harstad;Melissa;Moore;12;178;Weiblich;S‰ngerIn
1234;Computer;Italien;test20@test.com;924-45-5231;4932;Flla;Diane;Cox;36;179;Weiblich;TanzlehrerIn
1234;Tanzen;Italien;test21@test.com;434-29-2484;4238;Ambalavao;Bruce;Carr;12;180;M‰nnlich;Database-Developer (m./w.)
1234;Meditation;USA;test22@test.com;764-74-4998;8329;SayyÅn;Peter ;Koch;48;181;M‰nnlich;AgraringenieurIn
1234;Hubschrauber;USA;test23@test.com;586-20-2891;3652;Ovsyanka;Paul;Merli;45;182;M‰nnlich;BerufskraftfahrerIn
1234;Flugzeug;USA;test24@test.com;195-97-8748;3585;Aygepat;Hans;Manni;65;183;M‰nnlich;BetriebstechnikerIn
1234;Computer auseinandernehmen;USA;test25@test.com;343-60-8878;1751;Fcamp;Judith;Weibi;21;184;Weiblich;BiochemikerIn
1234;Brettspiele;Norwegen;test26@test.com;772-57-2954;5745;Boro;Lisa;Frauli;12;185;Weiblich;ManagerIn (Verkauf)
1234;Kuscheln;Norwegen;test27@test.com;604-80-1408;4555;Kazanskaya;Heinrich;Kimbo;32;186;M‰nnlich;MaschinenschlosserIn
1234;Diamanten sch¸rfen;Norwegen;test28@test.com;705-89-2111;8046;Copa;Tim;Tuner;52;187;M‰nnlich;HafenmeisterIn
1234;Gras beim wachsen zuschauen;Norwegen;test29@test.com;380-41-2101;8158;Siso;Marie;Goldschuh;65;188;Weiblich;HotelassistentIn
